code,time_period,metric_1,metric_2,metric_3,metric_4,metric 5
,1,-0.809300364897,6.51853402125,5.71103597095,cat 2,category 16
E07000006,1,0.713459494498,-4.56025732051,64.9331647641,cat 4,category 21
E07000005,1,1.08586659062,0.784846300767,0.931831780299,cat 4,category 8
E07000004,1,0.0520455318991,15.5537300882,-71.0590820535,cat 3,category 28
E07000010,1,-2.12581284459,-11.421467481,91.441079139,cat 3,category 7
E07000012,1,0.370952493681,1.82933895358,45.1817118674,cat 1,category 9
E07000009,1,0.974539054565,3.87834167539,202.014683665,cat 4,category 11
E07000011,1,1.11137142687,-17.792110172,-108.910236623,cat 2,category 7
E07000008,1,-0.870720499051,10.4214128178,-6.59940580912,cat 4,category 10
E07000029,1,0.84987209618,-12.064726061,53.5454280906,cat 3,category 2
E07000028,1,-1.19952673187,-6.16272005844,-75.9098953817,cat 4,category 19
E07000031,1,0.0535178317439,0.619635921031,-146.17412269,cat 3,category 10
E07000026,1,0.623418384295,13.6094813341,97.9500522474,cat 3,category 8
E07000030,1,0.0289034621085,1.06060443652,39.4205478719,cat 4,category 13
E07000027,1,0.651285227629,-14.6797622699,-13.2652142601,cat 3,category 22
E07000037,1,-0.551606784713,8.66237337071,-178.268331129,cat 4,category 0
E07000039,1,1.59595814403,-20.4676243318,-84.1170299431,cat 4,category 27
E07000036,1,0.748623542728,3.9214509145,-180.112741368,cat 4,category 12
E07000038,1,1.80404943289,-8.26282268285,-176.231280069,cat 4,category 10
E07000032,1,-1.35363450754,11.603284296,-202.017006392,cat 2,category 12
E07000033,1,-0.870510171879,0.495646540909,77.1302566468,cat 4,category 10
E07000035,1,-2.0807868774,-3.57557348365,-77.4090598535,cat 4,category 19
E07000034,1,-0.0286487314682,-6.19983181142,-32.7944343206,cat 1,category 2
E07000043,1,-0.744219759563,-11.8198986949,193.480697073,cat 1,category 29
E07000040,1,-0.151958928837,19.3804797447,35.7454018127,cat 3,category 3
E07000045,1,-0.244547945226,-19.1614508951,-158.894853696,cat 2,category 19
E07000047,1,0.137744777578,-15.1872531771,-166.338176714,cat 2,category 2
E07000042,1,0.714891738099,-2.8385247321,66.3103105986,cat 1,category 7
E07000041,1,0.346431520216,9.67471250569,-18.7190431192,cat 2,category 26
E07000051,1,1.34131198415,7.7630121289,-76.4694638152,cat 4,category 13
E07000048,1,1.45369208422,18.5972077288,81.346481033,cat 1,category 10
E07000052,1,-0.0259861936684,12.892682441,-61.6241807032,cat 4,category 27
E07000049,1,-0.121643144422,-0.698015614189,-196.555066331,cat 3,category 23
E07000050,1,-1.6348859524,12.5606252812,-140.136090985,cat 3,category 14
E07000053,1,-0.978716002216,-0.891143872994,20.7632880252,cat 4,category 23
E07000063,1,0.623180052523,-0.434542730449,160.325433834,cat 1,category 3
E07000064,1,-0.0162011229043,10.9103226933,9.59865931045,cat 3,category 2
E07000065,1,0.255149880942,12.3058228791,-106.529459753,cat 3,category 18
E07000061,1,1.29331042295,3.48323926775,-70.1571243798,cat 3,category 26
E07000062,1,0.0913588229533,-0.13098411257,67.5530135247,cat 1,category 1
E07000068,1,-0.629911595741,3.27448397098,-20.9460120813,cat 1,category 15
E07000075,1,1.59960299019,0.868795830097,82.7709634062,cat 1,category 19
E07000072,1,1.13265130156,1.72063677423,-226.133226659,cat 2,category 27
E07000076,1,0.619721653553,-6.84613612351,63.6138736337,cat 4,category 0
E07000077,1,-0.465211397364,-6.31990242889,150.953142423,cat 2,category 26
E07000070,1,-0.582553892342,11.0855983135,-4.20921869032,cat 2,category 1
E07000071,1,2.8420603118,-1.6727912929,28.0879901001,cat 4,category 25
E07000074,1,-0.246266634769,2.93588258585,-109.50064019,cat 2,category 21
E07000067,1,-0.390182446826,4.92380550186,15.7264705338,cat 4,category 16
E07000073,1,0.629768838496,8.92467598205,143.865703552,cat 1,category 20
E07000066,1,-0.172485759677,14.3101490093,52.4579921031,cat 1,category 19
E07000069,1,-1.63461960752,0.153407195525,-153.31575289,cat 2,category 15
E07000080,1,-0.76155543292,2.1641864201,-111.857939067,cat 4,category 21
E07000079,1,-0.265484040049,-2.77141326472,200.012675725,cat 1,category 21
E07000082,1,1.05018510709,8.09646208562,-57.3202431393,cat 1,category 8
E07000083,1,-0.435346384819,1.37635571694,-172.2958979,cat 1,category 22
E07000081,1,0.16579752248,-0.969525963659,35.8134122746,cat 1,category 13
E07000078,1,1.51627850673,-9.98991732285,-91.7320589786,cat 2,category 15
E07000084,1,-1.17413051327,-11.7469099925,27.956541756,cat 4,category 10
E07000091,1,-0.323562660624,-5.80222342587,-109.91058789,cat 1,category 11
E07000086,1,0.275705423943,4.69480123489,-79.4936882256,cat 4,category 0
E07000085,1,0.822292316566,1.78553900951,52.6558744286,cat 4,category 12
E07000094,1,0.353863609877,-3.31761810052,105.934476985,cat 2,category 11
E07000093,1,1.23180097845,23.0664971028,71.973525407,cat 1,category 13
E07000089,1,-0.121163411559,-0.0977560549719,45.6190886216,cat 3,category 21
E07000088,1,0.307163332261,-1.56497419474,-18.7730945315,cat 2,category 3
E07000087,1,0.423138230362,-7.97765491048,10.9404117166,cat 3,category 6
E07000090,1,1.25517117996,6.86357249612,173.796025275,cat 2,category 7
E07000092,1,0.0456978567166,7.9879898742,-122.995391316,cat 3,category 9
E07000102,1,1.48030016519,3.5818382562,-96.8185490012,cat 3,category 25
E07000098,1,0.183656974946,10.0536263995,-6.82473064629,cat 1,category 8
E07000095,1,-0.573331984219,-2.85645096992,99.3594973055,cat 4,category 8
E07000096,1,-0.345156899268,-8.37777148898,168.888250036,cat 2,category 11
E07000242,1,0.89370995305,1.07181439156,75.7050116815,cat 2,category 6
E07000240,1,0.480744190046,-6.27366196287,14.1060960166,cat 4,category 8
E07000241,1,1.01283882345,7.71075984293,106.444430453,cat 3,category 1
E07000099,1,0.624572176528,5.51303243043,271.570027348,cat 2,category 7
E07000103,1,-1.58024128071,-4.45821259156,63.3574066374,cat 1,category 11
E07000243,1,-0.819489566138,0.275784772068,-218.721219497,cat 3,category 29
E07000116,1,-0.256217259292,3.04340500363,17.0458497204,cat 3,category 13
E07000112,1,0.738612799916,3.36544121785,110.68441873,cat 4,category 1
E07000111,1,0.0580310365434,7.99084694582,50.4805363959,cat 2,category 0
E07000115,1,-1.62530617267,-6.20540706949,132.780003412,cat 1,category 28
E07000114,1,-1.36462852051,-7.95110186056,95.7953556061,cat 1,category 15
E07000105,1,-0.958449863505,-3.87581515059,-10.8790689619,cat 4,category 29
E07000106,1,0.90762258571,-4.91384203464,-26.3103937582,cat 3,category 3
E07000108,1,-0.875615350267,-0.0249625704793,186.064851771,cat 1,category 13
E07000110,1,-0.272621779569,13.9719827362,41.8036298701,cat 3,category 16
E07000113,1,-1.06541945437,-6.22904692796,18.2068578679,cat 3,category 2
E07000107,1,0.780329753701,-0.661296704688,-170.280468006,cat 1,category 11
E07000109,1,-0.405425580648,5.91126906339,23.6793859295,cat 4,category 5
E07000127,1,0.428566030721,0.855572390814,42.8320186004,cat 4,category 15
E07000121,1,-0.423282228953,-11.2602358491,-55.1428016449,cat 4,category 15
E07000118,1,1.55181297544,1.02123086057,95.1009126077,cat 4,category 11
E07000126,1,-0.0249441859441,-4.773123983,15.956461897,cat 4,category 28
E07000125,1,-0.831014893616,5.90708526708,-37.67015959,cat 2,category 22
E07000119,1,-0.701627005726,12.1484507877,-2.37651972284,cat 4,category 5
E07000123,1,0.754310568813,-11.0516152946,36.1685149114,cat 4,category 25
E07000128,1,-1.98687509054,-2.89749196507,53.0644276878,cat 4,category 28
E07000122,1,0.867332100305,13.8591441708,-30.7065880783,cat 4,category 26
E07000124,1,0.68500559057,11.2652300856,160.288717618,cat 3,category 26
E07000120,1,-0.713527113404,-6.81334268226,-16.3069458083,cat 4,category 11
E07000117,1,-0.714603280234,-6.41152574535,52.7400832613,cat 4,category 18
E07000132,1,0.263776546671,4.78554395041,-89.8339164171,cat 3,category 26
E07000134,1,1.66079876944,-5.38897317842,62.5206457744,cat 4,category 22
E07000133,1,0.494921441525,-3.40590458906,43.1252277803,cat 1,category 28
E07000131,1,1.89145104334,-4.8320668826,-22.2642059425,cat 2,category 21
E07000129,1,-1.7506537842,7.65618266937,81.8813106266,cat 4,category 27
E07000130,1,1.25805736629,11.4697312019,10.9839659197,cat 2,category 5
E07000135,1,-0.598523524995,-4.69532580526,39.0692763452,cat 4,category 3
E07000142,1,-0.830727685855,-24.9333149924,74.726162351,cat 2,category 18
E07000141,1,-0.626738008979,13.5148599343,147.303952941,cat 2,category 4
E07000140,1,-1.23149179823,-2.35976480266,68.1480806414,cat 3,category 4
E07000136,1,-0.930457242661,6.2992343592,-29.8079727084,cat 1,category 7
E07000139,1,-2.62916074843,5.55207583487,62.1133367615,cat 4,category 15
E07000137,1,-0.11113846649,1.13351611809,-90.4351919608,cat 4,category 28
E07000138,1,-1.03936378792,-7.94386636402,-172.735452135,cat 1,category 7
E07000147,1,1.61056452455,3.18553577375,-14.4657874044,cat 3,category 22
E07000145,1,-0.831056435186,2.74010701882,96.2539482543,cat 3,category 25
E07000149,1,0.824634670893,7.86006340525,228.929300034,cat 2,category 24
E07000146,1,-0.0452548443258,-8.30479190705,-123.984415282,cat 1,category 11
E07000143,1,-1.50366770923,9.54954547545,-83.5041675746,cat 1,category 15
E07000148,1,0.590969645271,-11.8131986487,-49.4350459718,cat 4,category 15
E07000155,1,-1.37219661073,0.65447150761,160.590919842,cat 4,category 15
E07000152,1,-0.232233368368,-3.40856666202,119.363088419,cat 3,category 3
E07000151,1,-1.27076599582,-4.55593984251,82.4693326537,cat 4,category 21
E07000156,1,0.719283667474,9.49963918937,-206.852048846,cat 2,category 13
E07000153,1,0.392053232515,2.7913076765,-153.660500167,cat 4,category 21
E07000154,1,0.925181309658,-1.03740493987,-109.276183994,cat 1,category 23
E07000150,1,0.574228585915,-19.8251957161,137.465055139,cat 1,category 24
E07000168,1,0.23724114701,-6.09892258218,3.8528337281,cat 3,category 21
E07000169,1,-0.0105373375575,3.2821183393,-169.1422527,cat 1,category 13
E07000163,1,0.349049789527,-8.86759165892,28.7237021541,cat 1,category 27
E07000166,1,0.0578535675291,4.30470475932,37.9155001293,cat 3,category 24
E07000165,1,-0.400502099473,15.2151546043,-9.02676555731,cat 3,category 13
E07000167,1,2.15842310042,9.48512120818,-110.142674154,cat 2,category 13
E07000164,1,-1.29949548542,4.40306613429,121.683629809,cat 3,category 6
E07000171,1,0.574066531334,7.80041476009,-53.7515100666,cat 3,category 14
E07000176,1,0.024501445626,11.406436571,76.4813110352,cat 1,category 12
E07000173,1,1.06979024563,-1.92727470672,152.105121099,cat 2,category 2
E07000170,1,0.617776629226,-10.5842002705,-174.728269544,cat 3,category 14
E07000175,1,0.779503333733,6.50042152541,-190.249810185,cat 4,category 3
E07000172,1,-0.475723850172,6.47053159171,87.9005855741,cat 1,category 20
E07000174,1,-2.79660362475,7.69288505261,-111.741518213,cat 2,category 11
E07000180,1,0.213760179728,-6.01770355745,146.53516459,cat 3,category 0
E07000179,1,0.238608996321,13.4263638343,89.156758395,cat 1,category 2
E07000177,1,-1.57144252952,-17.5557638452,-213.232638056,cat 2,category 25
E07000181,1,0.862560600522,-8.80219866387,-17.9921141906,cat 3,category 29
E07000178,1,0.700456563064,0.869995617503,74.4221296795,cat 1,category 11
E07000191,1,-0.24911072978,-21.1141418714,-100.730694584,cat 1,category 0
E07000187,1,3.35572399278,-10.5733184565,8.18776503493,cat 4,category 26
E07000190,1,-0.891522625163,-4.2666044443,-11.0358326479,cat 4,category 3
E07000189,1,-0.723916258112,-3.96367407916,134.58528095,cat 1,category 24
E07000188,1,-0.363497151123,5.22135768395,-128.965877376,cat 1,category 24
E07000198,1,-0.746491770876,-1.16212949608,-40.0729723666,cat 2,category 22
E07000196,1,-0.422456689165,-20.4472249602,138.899261071,cat 3,category 9
E07000194,1,1.48097621715,5.43686452353,116.970836289,cat 1,category 25
E07000195,1,-0.271308806742,1.54375282179,142.15600447,cat 3,category 27
E07000197,1,-0.415116318819,7.7526433168,-127.147879484,cat 1,category 8
E07000193,1,0.941435749567,8.23404298595,11.3395022745,cat 3,category 28
E07000192,1,0.917493925917,-5.66293450819,-29.9888165762,cat 2,category 11
E07000199,1,1.27258656753,4.26396798217,-37.7818122087,cat 3,category 20
E07000206,1,-0.886450657302,-0.775318771634,-7.19713215281,cat 3,category 1
E07000200,1,-1.08934921945,-11.5329236521,13.8748585894,cat 1,category 17
E07000205,1,0.554475011415,10.9086911206,23.3575057526,cat 1,category 4
E07000204,1,-1.1761575709,-5.43197216251,-148.042197209,cat 2,category 1
E07000201,1,-2.04099774384,-10.9957141034,152.72378254,cat 2,category 26
E07000203,1,1.38589862407,14.4664214623,120.938371014,cat 4,category 29
E07000202,1,1.54600290887,9.11810533849,62.781725595,cat 1,category 1
E07000216,1,-0.558853149693,-0.663929522804,-179.593039962,cat 2,category 2
E07000215,1,-0.197999919668,-9.37343283035,17.8917463717,cat 4,category 10
E07000217,1,-2.16283548682,-4.94402066633,-103.667103383,cat 3,category 3
E07000214,1,-1.82945719623,-5.75890679143,147.789766992,cat 1,category 15
E07000212,1,0.0107128727937,-4.4047827711,-35.7145436402,cat 2,category 26
E07000209,1,0.540791022433,-0.721053363119,-65.7707682332,cat 3,category 21
E07000211,1,-0.19378471336,11.7620188566,77.7454661789,cat 3,category 8
E07000210,1,0.241937998877,11.2549571475,-2.83807597888,cat 4,category 11
E07000207,1,0.0235027243699,-15.5029383297,-17.7902724131,cat 3,category 24
E07000213,1,-0.834173604284,4.25236793871,-88.4900508455,cat 4,category 20
E07000208,1,0.612412660407,1.5634382,126.01740128,cat 2,category 1
E07000218,1,0.730564915431,7.27353543329,-250.11745963,cat 4,category 20
E07000220,1,-1.12800827215,15.137425967,155.658661384,cat 3,category 28
E07000222,1,0.0205511821695,5.40257948617,75.8348372847,cat 2,category 27
E07000221,1,-1.84732763654,-15.8092209439,29.8479304966,cat 1,category 28
E07000219,1,0.671991063881,16.7041177329,83.8858720809,cat 4,category 4
E07000224,1,0.04032347844,9.45495214249,62.1727134104,cat 4,category 24
E07000223,1,-2.43101820477,-4.04216767018,6.49898809007,cat 1,category 15
E07000225,1,1.9144383503,-13.2659714006,32.412926591,cat 2,category 26
E07000228,1,-0.410372089853,-6.45726248443,-34.0679397514,cat 4,category 20
E07000227,1,1.00087302482,0.931391197526,21.740119966,cat 3,category 26
E07000229,1,1.83218951978,-2.1955353709,63.0927016559,cat 3,category 22
E07000226,1,1.47861192969,19.3479218261,8.19769838837,cat 2,category 10
E07000235,1,1.06153822555,12.6977492421,-103.039355449,cat 4,category 2
E07000239,1,-1.60913454446,13.5129358616,-61.3720841257,cat 3,category 22
E07000238,1,-0.154210480319,2.52867028263,-20.7172364936,cat 2,category 6
E07000234,1,1.2458379367,-4.90833330093,-131.614566323,cat 4,category 24
E07000237,1,-0.849265683145,3.13223517929,43.7949781061,cat 4,category 19
E07000236,1,-1.99620423852,8.61164088983,50.0426297249,cat 1,category 15
E09000021,1,-1.30207234074,-8.96829092383,-3.32387250144,cat 4,category 9
E09000008,1,1.26879033422,-9.94937012069,-65.4881954423,cat 1,category 4
E09000006,1,0.185924352013,15.1917156064,25.5485671842,cat 4,category 9
E09000018,1,0.71151330872,-8.30143664567,-52.871009445,cat 3,category 2
E09000009,1,-0.347428133301,-5.23150355638,0.395106203291,cat 3,category 28
E09000016,1,0.530649355774,-4.61939967543,-39.7686940922,cat 4,category 19
E09000017,1,-0.455047469255,-0.0952614078774,-233.711330505,cat 2,category 24
E09000015,1,-1.14815886501,2.68608257532,-96.9496373041,cat 4,category 8
E09000005,1,0.182776165319,-0.424405962391,2.82458487028,cat 2,category 17
E09000003,1,-1.24160774349,-11.4319763133,11.6669653848,cat 2,category 10
E09000022,1,0.345892516964,6.35625959481,-6.04751050477,cat 1,category 14
E09000028,1,-0.808089427107,6.64978745092,140.833107476,cat 3,category 4
E09000023,1,-1.23677465805,-16.5419166117,16.0721900658,cat 4,category 7
E09000011,1,0.0321640579926,2.29079256097,124.949269288,cat 3,category 28
E09000004,1,1.35282467101,4.6558285849,-232.643406577,cat 2,category 25
E09000010,1,-1.04567154912,-3.72503657423,-29.1292701934,cat 1,category 7
E09000031,1,0.145334812946,-11.2060495142,6.506107925,cat 1,category 8
E09000026,1,0.993248279074,-0.992441789864,-54.6806375404,cat 3,category 27
E09000029,1,0.322678162236,10.6382713104,121.966987895,cat 1,category 5
E09000027,1,-0.595886433486,6.89360955839,47.5352202708,cat 3,category 27
E09000024,1,0.232391240758,20.9642638588,141.274535656,cat 1,category 27
E09000032,1,0.821348726391,0.656042823545,-32.7722882638,cat 4,category 19
E09000013,1,-0.941702783451,11.9244446485,13.6598849568,cat 1,category 24
E09000020,1,2.30458636301,-1.47191160519,34.6015849231,cat 2,category 25
E09000033,1,-1.56781194712,-5.4890806506,36.876197481,cat 4,category 2
E09000007,1,-1.19835740805,-7.08112148675,30.6347507687,cat 2,category 14
E09000030,1,-0.764013897405,6.47509677425,-84.154364281,cat 4,category 28
E09000019,1,0.61780356264,-15.2615386482,66.4320335134,cat 3,category 9
E09000012,1,-0.354355636473,-20.7626447916,-81.6167136562,cat 3,category 13
E09000014,1,0.326972421783,-20.358459525,-167.590574493,cat 4,category 21
E09000025,1,-1.11809442875,5.94664699809,37.938958849,cat 1,category 29
E09000002,1,-1.05599312801,-17.6381890018,-93.9898034391,cat 1,category 13
E09000001,1,0.787739610247,17.1065887057,-85.4471755028,cat 1,category 21
E08000016,1,1.34884830916,14.6804807515,74.0450223276,cat 1,category 29
E08000025,1,-0.0215616761592,0.751893017375,-87.9813918679,cat 2,category 19
E08000001,1,-0.64132769445,4.33098423155,-131.387186576,cat 4,category 10
E08000032,1,0.0246357527076,4.96347391453,34.2449596542,cat 3,category 5
E08000002,1,-1.26520296594,4.4111143956,-143.158032904,cat 4,category 14
E08000033,1,-0.936003646461,8.92074304819,-25.5411186676,cat 3,category 25
E08000031,1,-0.72249489742,-3.23495178765,-69.822053918,cat 2,category 10
E08000026,1,-1.4120307011,-9.52344090263,137.021773836,cat 2,category 25
E08000017,1,0.0525103330296,14.1702058563,45.3126138724,cat 4,category 5
E08000027,1,0.706014816813,4.7189724076,156.929605904,cat 4,category 7
E08000037,1,1.03595497892,2.03020276304,-153.603219306,cat 4,category 14
E08000034,1,-1.22307905873,-15.7822519238,-269.384914239,cat 3,category 29
E08000011,1,-0.380076771643,1.16500340431,33.3754709388,cat 4,category 17
E08000035,1,0.574264850404,-0.316929616175,-25.2642160493,cat 3,category 12
E08000012,1,-0.69302898748,-18.2105448036,219.216500922,cat 2,category 12
E08000003,1,0.31376898138,-1.22236245706,-99.228266792,cat 3,category 18
E08000021,1,-2.36777269617,-13.7236324696,-53.1614820076,cat 2,category 4
E08000022,1,-1.25815808019,-3.09035816225,-104.854094035,cat 3,category 23
E08000004,1,-2.20247849893,4.75683264396,15.9736937597,cat 1,category 12
E08000005,1,0.373711998005,1.21345253797,-88.574923761,cat 4,category 12
E08000018,1,0.237534108569,-5.70940306966,8.78020576551,cat 4,category 8
E08000006,1,0.967325666044,-4.22124622583,-35.1466321312,cat 1,category 4
E08000028,1,-0.201523088121,12.0100761496,94.4303072953,cat 3,category 8
E08000014,1,-0.758865664573,-5.33977574865,-114.374077657,cat 1,category 5
E08000019,1,1.03428416263,-0.11635177067,-128.890507443,cat 1,category 19
E08000029,1,0.752002985133,-4.0746657774,25.2932094698,cat 4,category 16
E08000023,1,-1.80824288589,8.59300834515,74.5425578905,cat 4,category 8
E08000007,1,0.290710451163,9.09882912387,127.237748737,cat 2,category 23
E08000013,1,1.54928960842,-1.47256139806,72.9539747303,cat 1,category 8
E08000024,1,1.17729424166,-0.784011308937,-95.8179733256,cat 3,category 1
E08000008,1,0.30515776704,13.4950507694,55.0198942168,cat 3,category 20
E08000009,1,0.140628451828,1.56830044829,63.8704671333,cat 1,category 24
E08000036,1,1.84729446672,-1.91292519809,-165.417960187,cat 1,category 4
E08000030,1,0.694307259963,-6.15364986053,31.8288702406,cat 3,category 26
E08000010,1,1.1337505809,-7.66856647907,26.0317573153,cat 1,category 26
E08000015,1,0.354103825344,15.3483445501,-103.475927312,cat 3,category 20
W06000011,1,-0.301523957181,8.19301445959,73.6723720228,cat 3,category 26
S12000041,1,0.608341153299,-8.15681442525,-103.53811702,cat 1,category 29
E06000022,1,0.528840126434,1.42012914507,106.468557156,cat 1,category 26
E06000055,1,0.691234098381,7.2928989524,-50.9326414292,cat 1,category 7
E06000008,1,-0.555502334716,-1.73355794722,-49.4196902581,cat 3,category 10
E06000009,1,-0.459486905186,12.8565795029,-35.8668860908,cat 1,category 10
W06000019,1,-1.19410409636,-4.40334223031,-157.209712177,cat 2,category 22
E06000028,1,1.56743956796,-5.57024297735,-8.82417532897,cat 2,category 15
E06000036,1,-0.288439050201,-2.92062542816,7.15338248119,cat 3,category 15
W06000014,1,-0.775283348351,7.32415224813,-90.8195835894,cat 2,category 7
W06000018,1,-0.700315601674,8.83116335284,131.986475126,cat 1,category 19
W06000022,1,-0.127132111318,17.2239792495,274.489898629,cat 1,category 27
W06000012,1,0.574011346203,-3.45398502038,-9.13975595887,cat 4,category 22
E06000056,1,0.549008014399,1.02589745762,-114.217776089,cat 2,category 20
E06000049,1,0.183510054136,4.68140391028,150.731005025,cat 2,category 14
E06000050,1,-0.539792543395,17.0320503048,-4.44218034278,cat 1,category 24
E06000023,1,-1.50062346852,6.09558956646,9.63205496766,cat 1,category 7
E06000015,1,-1.20280759738,12.248559428,-21.9807634056,cat 4,category 16
E06000010,1,1.80132475974,5.81475460477,-109.848859558,cat 2,category 11
E06000016,1,-1.59629823908,1.37754023707,-23.8029672076,cat 1,category 27
E06000018,1,-0.43613501554,-2.80099300717,-49.323862123,cat 2,category 26
E06000031,1,0.742704718356,-3.51401659301,84.4727506905,cat 4,category 17
E06000045,1,-0.579240957611,4.2274173656,60.0432871994,cat 4,category 13
E06000021,1,-2.27760396475,6.85334161313,-56.8660234749,cat 4,category 13
S12000005,1,1.3365941175,5.76676080579,24.8326279146,cat 1,category 11
W06000003,1,-0.373073730609,-4.60028096901,-76.9525057522,cat 3,category 6
E06000047,1,0.760045140009,-9.94048770633,-116.013130862,cat 4,category 29
E06000019,1,-0.803743061812,25.8166903576,180.034137986,cat 4,category 13
E06000005,1,-1.45503454566,-10.2250216782,132.858167282,cat 1,category 14
S12000042,1,-0.316858768846,3.66853717558,-38.433072696,cat 1,category 18
S12000008,1,1.50571540987,3.26141468397,-102.195558304,cat 1,category 13
S12000045,1,-0.720788809555,-16.5049249322,-126.522623177,cat 4,category 15
S12000011,1,0.104302879095,3.16932332738,-90.0205752804,cat 3,category 25
E06000011,1,0.882689429091,3.35044174422,66.7208982541,cat 1,category 21
S12000014,1,-1.04282296724,7.3587519028,-94.1059861704,cat 2,category 25
S12000046,1,-0.504019165732,12.2365800052,13.4364518947,cat 2,category 18
E06000006,1,-0.0996431500453,-12.3892365894,66.1879737711,cat 4,category 0
E06000001,1,-0.300783374849,-19.8799124544,75.1477832449,cat 1,category 14
S12000018,1,0.0501429789291,14.8481436582,14.8094889699,cat 2,category 28
E06000032,1,-0.00427850041709,-7.6646167933,-124.453830131,cat 1,category 26
E06000035,1,-0.69508537975,2.48114061821,188.47916538,cat 2,category 4
W06000024,1,0.606233116259,14.1865783314,123.014693742,cat 3,category 13
E06000002,1,-1.2846187621,2.55489374728,39.1671458301,cat 4,category 9
S12000019,1,-0.494516857283,10.8662788671,70.6005034044,cat 3,category 10
E06000042,1,-0.244724224352,-5.54430835422,-40.2930236567,cat 1,category 17
E06000012,1,-1.34104723159,6.20453087099,100.884733607,cat 3,category 20
S12000044,1,-0.626641575796,10.7285007809,-77.1833964105,cat 3,category 2
E06000013,1,-0.949139974497,-10.5308715211,-149.882850598,cat 2,category 11
W06000013,1,-0.222971872859,9.91749421683,-79.5776966749,cat 2,category 23
S12000024,1,-0.195909491434,-15.025720673,-87.6820783731,cat 1,category 6
E06000029,1,0.362985183097,-1.72967415106,-140.328551379,cat 1,category 9
W06000023,1,-0.622487899776,-5.55904495632,135.983290307,cat 2,category 8
E06000038,1,0.56425076489,6.86269320213,-77.9025914473,cat 3,category 5
E06000003,1,1.25424176194,-16.5742373209,-5.26726660894,cat 4,category 16
S12000038,1,0.722697364878,5.1852247779,139.388789355,cat 4,category 16
W06000016,1,0.542978398957,-1.210938583,-88.6275158434,cat 3,category 2
E06000017,1,-1.60747611071,-5.01564240285,-5.32195070539,cat 2,category 5
S12000026,1,-2.4273966665,-13.0764484058,127.722832134,cat 2,category 26
E06000051,1,-2.82086507301,-3.65487288024,-195.43762798,cat 2,category 13
W06000004,1,1.21833700581,-24.2298390596,-108.076769544,cat 4,category 8
W06000010,1,0.573245814671,-6.0414922855,29.0725576207,cat 4,category 19
W06000005,1,-1.12352378913,10.1800628754,-16.1119566171,cat 2,category 26
E06000039,1,-0.23712115075,2.77080468345,150.086082879,cat 4,category 17
E06000033,1,0.778137493901,12.2487191396,2.33605689826,cat 3,category 13
E06000025,1,0.0218145037476,-9.34170213609,-141.84561296,cat 3,category 13
S12000029,1,-0.246627896461,-1.95135997513,-142.121530854,cat 3,category 8
S12000030,1,-0.517159757675,16.1039214411,8.99394575141,cat 4,category 22
E06000004,1,-0.388370651394,3.39058367217,93.3870055187,cat 3,category 28
E06000030,1,-0.759743528039,8.96118408628,172.181155371,cat 1,category 13
E06000020,1,-0.9227428063,5.94742483654,-52.9390763747,cat 4,category 17
E06000043,1,-0.453861523475,8.98937441581,-162.39310579,cat 4,category 24
E06000034,1,-0.649479053719,-4.28056359016,-221.188192665,cat 4,category 12
W06000020,1,0.345638662528,-13.1422571821,-81.6309833659,cat 3,category 28
E06000027,1,-1.67383389409,2.54336507698,-157.468896948,cat 1,category 1
E06000007,1,0.525302495806,-17.0350707365,-100.75079133,cat 2,category 20
E06000037,1,-0.575549818055,4.61788122373,25.5475732163,cat 2,category 5
S12000039,1,-1.46635550519,8.24403840549,129.567150175,cat 4,category 2
S12000040,1,1.2923108638,-11.9348350837,-20.2929162211,cat 1,category 23
E06000054,1,-0.327822329818,-2.15432844682,-8.52332987884,cat 4,category 10
E06000040,1,0.423444645001,-2.18652165672,14.2934289371,cat 4,category 5
E06000041,1,-0.204993945725,13.2487064204,10.1424138154,cat 4,category 27
W06000006,1,-1.51206372947,18.2760247739,-42.6982500301,cat 2,category 28
E06000014,1,-1.23437254168,-19.259780599,-35.5966752769,cat 3,category 13
E07000144,1,0.755849948138,-3.18095630378,-15.6040800167,cat 1,category 27
E07000044,1,2.40307055823,-8.65296419322,223.057451384,cat 3,category 4
E07000046,1,-0.551488143148,8.66298383273,43.9172800301,cat 1,category 24
E06000046,1,-1.42283821201,10.5222397055,-5.04757916661,cat 1,category 17
W06000001,1,0.041144476484,-6.02569366681,30.5702766735,cat 3,category 4
W06000002,1,1.65451239343,14.3934444959,75.2644394666,cat 1,category 21
W06000015,1,0.455950887311,-11.5225330721,-273.014827101,cat 4,category 16
W06000008,1,-1.44698053144,5.22163595247,103.25512692,cat 4,category 7
W06000021,1,-0.899172628104,-6.10714679742,106.79505632,cat 3,category 6
W06000009,1,0.802153884218,4.06057911207,-40.2254549377,cat 2,category 13
E06000024,1,1.10193496355,9.78760601287,-19.1297399761,cat 1,category 3
S12000017,1,-1.58760732194,2.94154656974,-104.305812332,cat 2,category 26
S12000020,1,1.05857767369,-13.9280968236,50.5980509433,cat 3,category 9
S12000023,1,1.06334311832,-14.7102566867,-71.7920101609,cat 2,category 12
S12000013,1,-0.989265083506,7.69724441629,-4.96049644224,cat 2,category 1
S12000035,1,1.14410052343,-16.0187422858,-129.684539854,cat 1,category 0
S12000034,1,-0.201293458257,-11.8679859911,66.1653097035,cat 2,category 9
S12000015,1,-0.607461329719,-2.12163868834,-47.0389692146,cat 1,category 21
S12000033,1,-0.813230212015,10.9577649382,-71.3464370048,cat 4,category 9
S12000036,1,-0.566462991331,15.9560488836,-57.1854391743,cat 3,category 12
S12000010,1,1.61448765321,-11.6914113361,230.705526751,cat 3,category 1
S12000027,1,0.195380578565,-1.30737583596,69.4473689916,cat 2,category 6
S12000021,1,0.0738747254441,-8.62028407202,15.414975552,cat 2,category 11
S12000006,1,-0.445565638778,16.6104708908,-67.8907261031,cat 2,category 17
E06000044,1,0.583761491518,8.90450983959,-39.5520787674,cat 2,category 0
E06000026,1,1.23914311585,3.79647048538,194.602994661,cat 1,category 28
S12000028,1,-0.707639450748,5.24174295914,9.73956970501,cat 2,category 25
E06000057,1,0.528962416976,17.3742056489,-43.9937809796,cat 1,category 24
E06000052,1,1.151589779,8.57711330728,91.2823218838,cat 4,category 1
E06000053,1,2.09269513875,7.29387053596,6.93093235854,cat 4,category 28
E07000007,2,-1.40260680189,1.86585251803,64.1779894926,cat 1,category 6
E07000006,2,-0.477816970967,2.93492699612,-148.912491896,cat 4,category 14
E07000005,2,-0.0775070814255,5.76361077617,-103.466858399,cat 4,category 2
E07000004,2,0.345004406844,3.81145755969,-27.2189514887,cat 2,category 13
E07000010,2,-0.737451461743,6.84664013453,94.4245055581,cat 3,category 21
E07000012,2,-0.57107207807,-8.30075286953,-185.519190715,cat 4,category 1
E07000009,2,-0.448461096892,5.36737160395,85.2241556355,cat 4,category 15
E07000011,2,1.60311605453,1.58299777975,54.3918510665,cat 1,category 26
E07000008,2,0.768224614336,25.9367273214,-103.723397024,cat 2,category 22
E07000029,2,0.548431379129,8.00580335898,-87.7590156379,cat 1,category 14
E07000028,2,-0.14972488195,-5.55801295085,-44.2504845962,cat 2,category 29
E07000031,2,-1.10375657987,-7.46461888063,17.8623884361,cat 2,category 25
E07000026,2,-1.16056113512,7.96412245378,144.452765426,cat 2,category 26
E07000030,2,1.74421005517,-16.3441493016,-21.2641516846,cat 3,category 2
E07000027,2,1.93696556962,3.18510697374,-9.81268942648,cat 3,category 5
E07000037,2,0.147425127375,2.64588561206,7.08253516679,cat 3,category 10
E07000039,2,-0.529014011756,-4.52356312986,-46.2748544007,cat 2,category 26
E07000036,2,0.140147505027,-8.94478156575,-13.5516593123,cat 4,category 27
E07000038,2,-0.374244405786,-16.3144674554,-17.3488918846,cat 4,category 19
E07000032,2,-0.323892247701,6.9436877976,138.04751767,cat 3,category 21
E07000033,2,1.27961792156,-5.56268642139,-66.1176555916,cat 4,category 28
E07000035,2,-0.975705535145,-5.62967277615,-72.4428234402,cat 4,category 13
E07000034,2,0.385021592481,-6.78636650739,-71.7530632016,cat 1,category 28
E07000043,2,-0.446501563436,-1.48979202915,-94.4881479297,cat 4,category 2
E07000040,2,1.76811909585,11.5197929645,-159.299819549,cat 3,category 28
E07000045,2,1.43714808441,-23.4930586319,2.6824809125,cat 2,category 20
E07000047,2,0.779522866391,-7.5893565049,7.04618033422,cat 2,category 27
E07000042,2,0.00324203333066,4.69837845465,-188.375411226,cat 3,category 17
E07000041,2,1.31143935539,5.82069417672,74.0699916239,cat 2,category 22
E07000051,2,0.54137260185,1.91027624453,-72.0497412267,cat 4,category 20
E07000048,2,-1.02989155586,-10.8066070904,142.909250743,cat 1,category 24
E07000052,2,-1.24994620875,-8.64980397708,66.7800101127,cat 3,category 17
E07000049,2,-0.534807378757,-7.43766931113,32.8750074653,cat 2,category 27
E07000050,2,0.356271926504,-1.611618253,126.011720767,cat 1,category 26
E07000053,2,0.847905406419,-7.03963619443,-31.1336465764,cat 2,category 14
E07000063,2,-0.344577044181,-6.01583213675,-145.065725833,cat 4,category 22
E07000064,2,0.876782113368,-4.69213577725,-176.64972766,cat 2,category 16
E07000065,2,0.963696650571,-1.59513479855,29.6948018759,cat 1,category 3
E07000061,2,0.905668503126,20.3143588338,-44.8999588314,cat 4,category 13
E07000062,2,0.442956873617,-12.8117104001,-38.7624555923,cat 4,category 9
E07000068,2,-0.632973877113,-14.1509041374,-34.7324272166,cat 4,category 29
E07000075,2,-0.0217148775877,13.2510390681,57.7882865431,cat 3,category 28
E07000072,2,2.80273075922,3.47303965686,126.098043695,cat 3,category 15
E07000076,2,1.31192537228,-7.72489368303,117.045997593,cat 4,category 2
E07000077,2,2.41013079526,5.19054294193,-132.250947271,cat 2,category 8
E07000070,2,-1.12163101941,3.27286309606,-101.334517992,cat 1,category 6
E07000071,2,-1.62455436909,9.79259561652,-83.0479489457,cat 3,category 25
E07000074,2,-0.107389723038,-1.7498238936,-18.5746844988,cat 1,category 20
E07000067,2,-0.192830159762,4.92719159809,-114.380997708,cat 1,category 25
E07000073,2,-0.689923694687,-9.31745552028,29.3146738434,cat 4,category 16
E07000066,2,0.35422630255,21.3754847556,-253.436150927,cat 4,category 18
E07000069,2,-1.08429478136,10.7205911742,-127.909726626,cat 4,category 17
E07000080,2,-0.65161643448,1.72667033765,-55.898572516,cat 1,category 7
E07000079,2,-1.57411270776,2.14583007239,67.7181342415,cat 2,category 0
E07000082,2,-0.558134428475,-2.60597757212,9.09484589243,cat 2,category 24
E07000083,2,-0.0335099386222,3.02660994933,-96.3384506845,cat 2,category 3
E07000081,2,0.440633742383,-10.434456867,101.286164731,cat 3,category 4
E07000078,2,1.83444707298,-8.92813327145,-148.811563365,cat 1,category 22
E07000084,2,0.148057046089,7.74165626522,1.83052417874,cat 1,category 7
E07000091,2,-0.71276228786,-17.0582102665,-33.5579463475,cat 3,category 16
E07000086,2,-0.925299085683,16.028107883,-156.780885431,cat 4,category 21
E07000085,2,-0.618666980375,7.87558173629,-46.1646523862,cat 2,category 15
E07000094,2,1.99906354912,-9.87951857835,15.0120701069,cat 4,category 24
E07000093,2,-0.0696207022715,17.8732712531,74.3204835613,cat 3,category 11
E07000089,2,-0.169398362761,4.28431200121,106.207790667,cat 4,category 11
E07000088,2,-2.0801478653,4.24099427044,16.6598126059,cat 4,category 17
E07000087,2,-0.614959954636,18.4508438388,40.2997545848,cat 4,category 5
E07000090,2,0.176408619624,-1.77506662932,39.9029970266,cat 2,category 2
E07000092,2,0.722016509186,-3.65089546859,-96.1686578965,cat 2,category 7
E07000102,2,-1.34254826534,0.492589618325,-14.295768359,cat 3,category 17
E07000098,2,-2.06885242604,-2.66211125122,-6.53818498816,cat 4,category 3
E07000095,2,-0.986431880032,8.33845960768,-4.67376860339,cat 1,category 8
E07000096,2,0.0517028890111,-1.38769390141,12.9094617464,cat 1,category 4
E07000242,2,-1.33981206996,0.988966261271,-38.4685520911,cat 3,category 5
E07000240,2,-0.324310826916,-11.2441068513,-130.917857904,cat 1,category 23
E07000241,2,0.0561787463707,-7.52397842272,-111.615540823,cat 3,category 24
E07000099,2,-2.08264422825,-3.85928194057,87.3952399015,cat 2,category 10
E07000103,2,-0.440292196157,9.44602394312,1.10938514752,cat 3,category 24
E07000243,2,-0.141916008868,-9.35120826149,111.831646788,cat 2,category 28
E07000116,2,-1.38920958736,-3.72244293604,-10.6817110004,cat 1,category 4
E07000112,2,-0.962550737211,-8.69911960831,-33.1061143894,cat 3,category 27
E07000111,2,0.602055033928,-5.17188903233,35.0084658883,cat 3,category 8
E07000115,2,-1.55191500457,-2.35278812915,98.8920184745,cat 2,category 25
E07000114,2,0.780921933208,4.88831696385,-94.8501390671,cat 1,category 24
E07000105,2,-0.874612972456,9.81057759941,-58.027662243,cat 1,category 15
E07000106,2,0.64420187217,7.73428442433,-57.1086200388,cat 1,category 6
E07000108,2,-0.184374925187,12.2515773168,174.514048686,cat 1,category 22
E07000110,2,-0.48291035292,8.58102852895,150.611838253,cat 4,category 26
E07000113,2,-0.401234741974,-4.95285340438,-47.2572963445,cat 2,category 18
E07000107,2,-0.398802498922,-11.3796901702,48.3472447169,cat 4,category 15
E07000109,2,-0.795102938308,4.54333058703,-26.4436859782,cat 3,category 11
E07000127,2,-0.565174898012,-0.372106094041,46.1894190451,cat 2,category 3
E07000121,2,1.94039816939,6.4914285481,-133.293268953,cat 2,category 25
E07000118,2,-0.205621506466,0.0706733580016,178.084331178,cat 4,category 12
E07000126,2,-0.153185720823,-6.78195673099,17.1455762574,cat 3,category 2
E07000125,2,-0.434298750809,-13.8522714055,155.814310871,cat 1,category 5
E07000119,2,0.755395891547,1.47574818042,85.473084428,cat 4,category 15
E07000123,2,0.758449021805,-4.87723027154,-89.2348162292,cat 2,category 20
E07000128,2,0.624453220724,-1.26649755257,-86.4324953384,cat 4,category 11
E07000122,2,0.0355035730438,-10.0040473157,-13.8418013299,cat 4,category 26
E07000124,2,-2.29915062356,-12.7947031499,7.13891495632,cat 2,category 21
E07000120,2,0.973405220549,2.09668565721,-230.660870814,cat 3,category 22
E07000117,2,1.14573862629,-6.68582713429,62.5932780427,cat 2,category 6
E07000132,2,-0.577166135021,10.4350757355,45.255027862,cat 4,category 14
E07000134,2,0.00255633548154,-5.75761573766,128.756484039,cat 4,category 10
E07000133,2,-1.02798858532,-1.53642957058,62.3789659151,cat 4,category 21
E07000131,2,-1.65210561127,-15.89604473,-45.9280848702,cat 1,category 12
E07000129,2,0.675627251705,-6.92874258547,63.0681160188,cat 3,category 13
E07000130,2,0.861514838251,-3.20309276623,-6.9373897456,cat 2,category 8
E07000135,2,-1.11473243143,12.7713276694,-110.574424605,cat 3,category 24
E07000142,2,-1.4162928617,-6.4288391455,-43.1319490834,cat 3,category 21
E07000141,2,0.153616242282,11.5351640172,-180.242284217,cat 4,category 1
E07000140,2,-1.9004281891,-6.55414773388,113.972856838,cat 1,category 3
E07000136,2,-0.528738994841,-1.06231659691,69.6381895268,cat 3,category 11
E07000139,2,-0.356451028404,-5.0809589935,83.8792349731,cat 2,category 14
E07000137,2,-2.59535182918,5.2122131962,-215.777931478,cat 4,category 1
E07000138,2,0.280914094464,21.4558912945,49.1028764612,cat 1,category 3
E07000147,2,0.907995709289,7.62766714604,-114.778357032,cat 3,category 26
E07000145,2,-1.05826375686,9.82314519122,-104.500537996,cat 3,category 6
E07000149,2,-1.02237183736,7.32810645065,-72.461018438,cat 4,category 17
E07000146,2,-1.28357805635,-2.61966254898,-33.6992649214,cat 1,category 24
E07000143,2,0.0964210010976,-10.7904211773,-23.5472471792,cat 3,category 7
E07000148,2,-1.54216611445,0.340151561014,-44.6407595212,cat 3,category 10
E07000155,2,-0.302922236362,-5.37957915441,87.0860024268,cat 1,category 19
E07000152,2,-0.239784491905,-5.94905104863,-51.9562574407,cat 2,category 19
E07000151,2,-0.188492839144,0.0154149675167,-3.19217263352,cat 1,category 16
E07000156,2,1.2318756279,0.922726220555,118.708033589,cat 1,category 4
E07000153,2,0.0174922396114,-8.58164309776,-155.876045862,cat 4,category 5
E07000154,2,-0.922616423362,4.38216098676,43.3844195412,cat 3,category 13
E07000150,2,-0.920067302354,-3.28083592421,79.6945832462,cat 1,category 11
E07000168,2,0.524002640141,-1.17436446815,36.255109066,cat 2,category 0
E07000169,2,0.816419161542,0.914380260078,53.233082402,cat 4,category 22
E07000163,2,-1.29405233178,9.70942692498,-114.445592759,cat 4,category 3
E07000166,2,-1.81201784244,10.3157844208,-36.9286287693,cat 3,category 24
E07000165,2,0.404765181072,-15.9953544053,182.933234714,cat 2,category 14
E07000167,2,1.03464133053,-3.31603068632,26.343244235,cat 2,category 17
E07000164,2,2.33141318903,4.66188319951,66.9744607332,cat 3,category 28
E07000171,2,0.0981785503242,-5.94035964889,-76.8893305147,cat 4,category 20
E07000176,2,-1.67602904109,2.47120228038,-270.750694367,cat 4,category 13
E07000173,2,0.91610342494,6.63854553239,-95.4630924432,cat 4,category 12
E07000170,2,-1.72331421402,-5.99191696989,-120.101715976,cat 3,category 6
E07000175,2,-2.09789046726,1.02340869366,-113.271091442,cat 1,category 24
E07000172,2,-1.50367102361,18.3869945535,4.71097306413,cat 1,category 29
E07000174,2,0.000125844841303,-4.28096698842,-12.3327538902,cat 2,category 8
E07000180,2,-0.758783466098,13.6026764088,74.9345313936,cat 3,category 5
E07000179,2,1.50888063685,-7.52115918192,-54.1930556724,cat 1,category 0
E07000177,2,1.26328104839,-7.66142747364,63.9312621993,cat 2,category 19
E07000181,2,-0.13177707611,-11.4118534125,-79.3646708241,cat 3,category 18
E07000178,2,3.29848758399,3.12061115259,-36.1389417766,cat 1,category 25
E07000191,2,-0.252693530922,4.74387373465,-42.8461903008,cat 3,category 13
E07000187,2,-0.717873587914,-10.1111277755,-168.352970875,cat 4,category 8
E07000190,2,0.0934873753479,3.02715070179,-107.283282309,cat 2,category 9
E07000189,2,0.549975722352,-0.353586038611,-113.212818354,cat 4,category 28
E07000188,2,1.45232631719,7.04882971385,-81.2905839415,cat 1,category 14
E07000198,2,-0.594037062659,5.92887022894,36.4956774522,cat 4,category 13
E07000196,2,0.372893884062,15.9611265084,2.5098914181,cat 2,category 3
E07000194,2,0.540857230861,-11.2390341852,-73.2367972746,cat 1,category 3
E07000195,2,0.816263744196,-10.1627333561,172.934483053,cat 3,category 27
E07000197,2,0.535697231427,7.89914194854,-111.126474013,cat 2,category 1
E07000193,2,-0.932099848867,1.91515010419,-3.98208077087,cat 1,category 26
E07000192,2,-0.136189349199,-8.94596591225,-80.8019630701,cat 1,category 17
E07000199,2,0.400969045993,3.69744102272,57.170923199,cat 3,category 11
E07000206,2,-0.814422698258,-4.72035045682,-154.864370807,cat 1,category 29
E07000200,2,0.523559140361,19.8869974844,-16.4679503905,cat 3,category 8
E07000205,2,0.017331888622,0.589017778497,97.6480701709,cat 1,category 8
E07000204,2,1.30779501994,17.9243123012,25.0185124453,cat 1,category 22
E07000201,2,-0.244637791548,-1.98680381147,-42.5668977417,cat 4,category 14
E07000203,2,0.176815458815,6.75389541753,90.9371265783,cat 4,category 25
E07000202,2,-0.100533520819,-12.6103810357,-64.6559292803,cat 1,category 5
E07000216,2,-0.335797121924,-2.79921846699,-105.966337773,cat 3,category 9
E07000215,2,-0.52239387487,-16.647714817,-99.3460693765,cat 1,category 22
E07000217,2,-0.252476550591,0.957404532328,86.8037249629,cat 2,category 21
E07000214,2,1.37889651938,-13.8609442085,3.49935701326,cat 2,category 3
E07000212,2,-0.446543542233,21.4026629356,193.125355329,cat 1,category 27
E07000209,2,0.0973894283253,15.7671925882,-95.5094066618,cat 3,category 6
E07000211,2,-0.685074035486,1.94646536328,103.626739058,cat 2,category 15
E07000210,2,0.844947396501,4.035473408,-110.570286212,cat 1,category 19
E07000207,2,-0.460479684567,1.46679136939,27.8821067718,cat 4,category 4
E07000213,2,-0.0268042236758,33.1716063531,50.935361676,cat 3,category 29
E07000208,2,-1.86336705486,4.38728012096,58.4470651625,cat 2,category 10
E07000218,2,0.736596551818,-3.49949228521,60.5378498815,cat 2,category 11
E07000220,2,-0.298571911365,4.82854950244,-206.788648759,cat 4,category 0
E07000222,2,-0.486479505677,-8.82217170618,-142.178131618,cat 2,category 15
E07000221,2,-0.246739405386,-1.01438468012,73.5596266444,cat 2,category 12
E07000219,2,1.3165846429,-2.43167441662,38.2016492418,cat 4,category 4
E07000224,2,-0.561897421279,-25.4456993335,66.1826916603,cat 4,category 15
E07000223,2,0.03772192748,-9.8270551617,-115.956706602,cat 1,category 8
E07000225,2,0.908780869561,3.31073652479,99.2257337844,cat 3,category 7
E07000228,2,-1.13360478132,4.40072818794,-136.333967824,cat 3,category 6
E07000227,2,-0.30402999984,-11.3198488616,77.5732736684,cat 1,category 11
E07000229,2,0.688354825819,8.36662430868,50.7919241126,cat 3,category 25
E07000226,2,-0.76354372872,-5.3560939698,-4.81548000222,cat 2,category 25
E07000235,2,-0.158627170175,10.3752724476,-61.7966786299,cat 2,category 12
E07000239,2,-1.10553667421,3.21602657463,8.95124242768,cat 4,category 16
E07000238,2,0.318428091348,-4.31640322164,-49.1426421817,cat 3,category 24
E07000234,2,-0.846039738777,2.94599323916,-11.8256795496,cat 1,category 4
E07000237,2,1.67214477419,-13.5205492283,-214.089826943,cat 2,category 23
E07000236,2,0.327535694219,-11.3621832517,67.284536779,cat 3,category 3
E09000021,2,0.0890491659721,-12.1947767756,-99.8828683534,cat 1,category 19
E09000008,2,0.194359258913,10.5993618955,50.5966538267,cat 1,category 13
E09000006,2,-0.551002352934,10.2598855569,-93.9962631531,cat 4,category 22
E09000018,2,-0.439032858706,1.19741732343,10.1072406102,cat 2,category 20
E09000009,2,1.86000925307,10.7259733506,-52.1006748077,cat 1,category 19
E09000016,2,0.302180345038,2.92429727944,55.8825913707,cat 2,category 0
E09000017,2,0.37904940575,-5.81162286574,11.615812215,cat 4,category 16
E09000015,2,1.45239467417,11.5592223773,4.3533775101,cat 2,category 11
E09000005,2,-0.0933551502888,15.2956774384,-61.0700484109,cat 4,category 0
E09000003,2,0.70782715065,-7.9182703901,-172.592199012,cat 4,category 29
E09000022,2,-0.918838992291,3.73156520744,-16.2892891995,cat 2,category 14
E09000028,2,1.54352111616,-5.43506374946,14.5276854,cat 2,category 0
E09000023,2,-1.21313946563,-0.142171789306,-17.5104064112,cat 3,category 7
E09000011,2,-0.889378796266,-1.53297500702,-178.017812987,cat 2,category 0
E09000004,2,-0.888336403447,-2.64283119701,-81.3132168735,cat 1,category 20
E09000010,2,1.19620579446,-9.23155886337,-69.3161125283,cat 4,category 24
E09000031,2,1.52039534273,-8.99631566781,31.2932407938,cat 2,category 0
E09000026,2,-0.955059714308,-4.99683505991,64.8280014607,cat 2,category 28
E09000029,2,0.229242765861,-3.80558582068,-59.3529661827,cat 3,category 11
E09000027,2,0.385277503883,-7.47128094184,45.1455594773,cat 2,category 1
E09000024,2,0.518587925603,-5.8661799225,29.4639172021,cat 3,category 22
E09000032,2,1.95996565931,-23.6546743792,100.366225375,cat 3,category 24
E09000013,2,-0.156684249665,4.89509557719,19.8259661782,cat 2,category 2
E09000020,2,1.60206276349,-8.82579741475,218.372769092,cat 1,category 16
E09000033,2,0.0172275028147,-4.16672888608,-39.5469612132,cat 1,category 1
E09000007,2,-2.03862139114,0.146209145611,37.763411506,cat 3,category 3
E09000030,2,1.99978640259,-6.71284880306,-150.596628621,cat 2,category 21
E09000019,2,0.76261521016,1.77812076059,-104.915698415,cat 2,category 9
E09000012,2,-0.145285428141,-8.99149815456,73.8945991359,cat 1,category 13
E09000014,2,0.369559536514,-8.86307206172,-59.3801568852,cat 4,category 15
E09000025,2,1.17357183591,1.95955612823,172.438212392,cat 2,category 6
E09000002,2,1.94217085653,0.559510438094,-24.8312610492,cat 4,category 21
E09000001,2,1.86702853957,-24.7925642502,-186.546765207,cat 1,category 1
E08000016,2,0.313677718047,-3.28376818905,-37.4512952091,cat 2,category 5
E08000025,2,1.25281828627,-3.80884902495,-92.7382593104,cat 2,category 1
E08000001,2,0.859300761685,-2.3499805063,62.1293612702,cat 2,category 8
E08000032,2,-0.487400771195,8.1868365908,-12.9203908061,cat 1,category 21
E08000002,2,0.116383477929,6.4268924921,84.0383071723,cat 3,category 25
E08000033,2,0.40365817699,10.6140936394,-1.02926905938,cat 4,category 11
E08000031,2,0.0522111040463,4.23198152616,6.75031981468,cat 4,category 7
E08000026,2,1.36197706534,18.7966580099,-38.6301802895,cat 4,category 23
E08000017,2,-0.225533470178,5.78488176646,18.7787320977,cat 3,category 21
E08000027,2,0.67116412553,-12.2650791009,-19.3331101714,cat 1,category 26
E08000037,2,-0.514296079896,-0.452269452728,-12.1892212155,cat 2,category 9
E08000034,2,-0.208976578374,-2.35903030527,-39.6365126145,cat 4,category 5
E08000011,2,0.1259302389,-28.660308262,188.130462395,cat 4,category 29
E08000035,2,0.734563327511,24.9483366534,-22.7213440735,cat 4,category 27
E08000012,2,0.501273927676,18.6997548145,-67.8218605134,cat 2,category 9
E08000003,2,-0.243371012979,-9.66540830989,151.78328622,cat 3,category 26
E08000021,2,1.09789799646,1.62161689755,87.3213026291,cat 1,category 21
E08000022,2,1.46434378526,2.83173258041,193.619338702,cat 4,category 5
E08000004,2,-0.224176911973,-8.93864902709,-49.3307310647,cat 4,category 25
E08000005,2,0.621540423842,3.86712075293,62.5671326309,cat 3,category 21
E08000018,2,0.126641450278,-11.1226965604,-60.0403281239,cat 1,category 21
E08000006,2,-0.974562760702,-8.81294387054,35.8889080268,cat 4,category 18
E08000028,2,-0.38579060007,1.79747767161,0.0403981512858,cat 3,category 9
E08000014,2,0.733181910305,3.28456325981,2.73134136521,cat 2,category 20
E08000019,2,0.838641087845,8.25738319631,14.2333935631,cat 1,category 26
E08000029,2,-0.312514158858,1.52833025682,132.308917601,cat 1,category 25
E08000023,2,-1.16996196869,-11.2725967872,130.300007487,cat 2,category 19
E08000007,2,-0.821503591521,-17.9982216207,52.2335088054,cat 3,category 5
E08000013,2,0.526265999768,10.7998551546,-127.088049146,cat 2,category 5
E08000024,2,-0.781032948343,-13.7560157958,-75.7549667047,cat 1,category 15
E08000008,2,-0.758999142289,-9.92833267234,0.825886610765,cat 1,category 29
E08000009,2,-1.07290866433,-3.03926185948,86.6102247336,cat 1,category 29
E08000036,2,0.339908724019,-14.5567843248,185.954417205,cat 1,category 21
E08000030,2,-0.363862675152,-13.8343016303,-78.2823882767,cat 1,category 13
E08000010,2,-0.533566773812,1.81444131801,-95.5034142455,cat 2,category 23
E08000015,2,-0.905031395404,-0.877666866284,-19.3431885071,cat 4,category 6
W06000011,2,-0.0303807344074,-14.4209707583,-88.0074367583,cat 4,category 15
S12000041,2,-0.944949820666,3.44745197646,-31.9041602716,cat 3,category 3
E06000022,2,1.19898381848,1.75440338261,9.66180551151,cat 3,category 8
E06000055,2,-0.416640892409,5.37268710979,-120.740460594,cat 2,category 7
E06000008,2,0.932456940805,7.86298146244,-20.726085622,cat 4,category 12
E06000009,2,0.925924997625,11.228189696,-98.2372106,cat 4,category 5
W06000019,2,0.427233576547,-10.0942663946,132.156808669,cat 3,category 10
E06000028,2,-0.348520606891,10.6900748825,-50.9866615342,cat 2,category 16
E06000036,2,-1.41543720163,-2.32081189791,-14.7257070148,cat 1,category 27
W06000014,2,0.135379391888,-1.87501295101,50.8205605975,cat 4,category 18
W06000018,2,-0.270647193831,30.1717439055,-41.0102325246,cat 2,category 27
W06000022,2,0.299352037128,9.9495624135,-52.9715710159,cat 1,category 18
W06000012,2,-0.0741812599327,-6.48997823849,28.8672801319,cat 1,category 7
E06000056,2,0.419839774014,2.16490828613,-39.1535924564,cat 2,category 1
E06000049,2,1.96046903186,-1.30798447061,-203.956773087,cat 4,category 23
E06000050,2,0.315346310424,-6.72531855359,-93.0954429689,cat 2,category 20
E06000023,2,-0.0468239468786,9.49841564753,-42.4764332419,cat 3,category 0
E06000015,2,-0.69782228683,5.70287880004,32.3520897793,cat 4,category 11
E06000010,2,-0.393216897285,-17.3752395787,151.985510899,cat 2,category 27
E06000016,2,0.989558675919,-0.861138053279,120.718969766,cat 2,category 5
E06000018,2,-0.555050335994,7.35038039779,-146.8975101,cat 1,category 11
E06000031,2,-0.638530126101,4.87522092426,39.5337609829,cat 2,category 23
E06000045,2,-0.310388791192,-10.1053520469,167.881035898,cat 3,category 24
E06000021,2,2.34783515793,4.67567453718,56.8088701637,cat 4,category 26
S12000005,2,1.06362966661,-1.58814332177,38.3462513792,cat 2,category 28
W06000003,2,0.73434692672,22.6330215945,-134.013415358,cat 3,category 8
E06000047,2,-0.0795686090541,-9.94433525407,-46.8467912637,cat 2,category 11
E06000019,2,-0.725795894748,-0.665096604414,-136.348219051,cat 3,category 6
E06000005,2,0.114079384918,-7.77934644892,57.9463335808,cat 2,category 16
S12000042,2,-0.19427773852,-2.05578251558,-115.809844282,cat 1,category 23
S12000008,2,-1.00768196034,3.55601247077,64.1245229437,cat 3,category 14
S12000045,2,-0.160989686703,5.11771222914,2.47848961465,cat 3,category 16
S12000011,2,-1.91615066731,-3.71945976435,-147.140452678,cat 1,category 2
E06000011,2,1.10329478204,-15.781257225,72.3648108909,cat 3,category 6
S12000014,2,-0.353894097484,15.3070377285,-3.21061285021,cat 2,category 16
S12000046,2,1.21073029459,-0.116213581821,-72.9297126935,cat 3,category 19
E06000006,2,-0.127221479545,6.51345513541,-130.134721944,cat 3,category 26
E06000001,2,-2.19964330093,4.6527827542,99.9172175254,cat 2,category 14
S12000018,2,-0.309644440186,9.45618847257,16.0727808658,cat 4,category 1
E06000032,2,1.64920358684,-18.5087741377,-17.592263058,cat 4,category 28
E06000035,2,0.219852913875,-6.18495640044,112.275567785,cat 2,category 28
W06000024,2,-0.551642855495,-6.01555249292,106.091609599,cat 3,category 14
E06000002,2,-0.302950811406,11.0903457831,28.2078083124,cat 2,category 5
S12000019,2,-0.549038208778,2.37188579192,85.6292981274,cat 2,category 2
E06000042,2,-0.42583079661,-3.11767994004,-103.741752349,cat 1,category 13
E06000012,2,-0.363303158465,-4.11309054343,-19.7859129413,cat 2,category 19
S12000044,2,1.15549779865,3.76271252862,-77.4855793626,cat 1,category 22
E06000013,2,1.00179009652,20.3163067722,191.350466509,cat 2,category 5
W06000013,2,0.135648048048,14.7579925771,-154.893477889,cat 1,category 25
S12000024,2,1.42107370751,6.77419563933,-20.0288410328,cat 3,category 3
E06000029,2,-0.287159427888,-3.22133061409,9.15209423318,cat 2,category 16
W06000023,2,-1.29638858341,3.28604048012,71.1908204245,cat 3,category 27
E06000038,2,-1.59803043137,-10.0237823295,161.766758732,cat 4,category 24
E06000003,2,0.810471996343,19.0914331395,-43.1749171525,cat 2,category 27
S12000038,2,-0.189032316865,-6.49128538645,154.456584569,cat 1,category 5
W06000016,2,0.306042543007,-8.38911791502,-49.3931136171,cat 3,category 4
E06000017,2,1.49307362183,1.26892852407,-6.46244456998,cat 2,category 1
S12000026,2,1.12547961533,-9.42600866214,67.5408064865,cat 3,category 2
E06000051,2,0.366628287394,-1.54247727787,38.7196268826,cat 2,category 7
W06000004,2,-1.73277245808,2.46778315282,7.99271700093,cat 2,category 8
W06000010,2,-1.5083268982,16.7866174278,-45.2244546962,cat 2,category 10
W06000005,2,0.295866606596,-0.356879184453,-33.705310211,cat 3,category 1
E06000039,2,1.02143635238,-1.44031137613,-127.138869335,cat 1,category 4
E06000033,2,1.06516082336,-0.465654695538,49.5064454745,cat 3,category 12
E06000025,2,-0.91346119699,6.57802856294,-43.0011722859,cat 2,category 9
S12000029,2,1.93265149525,2.43400489373,-180.814034536,cat 2,category 12
S12000030,2,-0.948290602296,6.15594921452,-74.6000286834,cat 4,category 12
E06000004,2,1.51429836543,0.0882545770462,173.988896817,cat 1,category 15
E06000030,2,0.194992160787,12.2338246333,60.4567565642,cat 3,category 22
E06000020,2,-0.210924287113,-6.98686525231,-42.527384509,cat 1,category 8
E06000043,2,1.13095707285,-9.38190141454,-39.1125783953,cat 4,category 20
E06000034,2,-1.29684938638,-12.5847090737,1.88473299308,cat 3,category 8
W06000020,2,-0.826141602373,-0.252907240878,12.3355404373,cat 1,category 28
E06000027,2,-1.73733330806,-1.19906872394,59.8440145682,cat 3,category 22
E06000007,2,-0.235924412212,9.44150789078,-81.6751786003,cat 1,category 5
E06000037,2,-0.0475944800819,-12.9069692086,93.3122929091,cat 3,category 25
S12000039,2,-1.1523622242,4.21261187403,-198.066022099,cat 1,category 24
S12000040,2,1.33058262395,-1.85074756756,-27.6196214231,cat 3,category 21
E06000054,2,1.28086801804,7.47556401176,236.004792833,cat 4,category 4
E06000040,2,0.7130847892,-12.0709832094,-22.4048625438,cat 4,category 15
E06000041,2,0.455773050002,-11.4961980383,98.7475702069,cat 3,category 23
W06000006,2,1.42513369891,-15.4649146617,0.532538942284,cat 3,category 2
E06000014,2,-0.103869703817,13.1964963972,-114.991455757,cat 2,category 13
E07000144,2,-0.391562666229,8.4047266437,-148.857522882,cat 1,category 13
E07000044,2,-0.709845364365,-12.6196151161,-95.9136854208,cat 1,category 8
E07000046,2,1.11584765102,-15.052196821,-170.468342993,cat 3,category 14
E06000046,2,-1.80192227869,1.71711743057,-74.3480133058,cat 3,category 22
W06000001,2,-0.680036573763,2.8909174667,-148.565753657,cat 4,category 20
W06000002,2,-0.233008869854,-1.99589753612,-35.2963133098,cat 3,category 1
W06000015,2,1.14692628978,-0.7310972791,65.203958218,cat 4,category 19
W06000008,2,-1.42608582838,9.23997355179,-19.972321091,cat 1,category 24
W06000021,2,-1.18014608892,-18.4269337145,-39.3646903887,cat 3,category 28
W06000009,2,-0.151482557969,3.92568911834,-49.0912879503,cat 1,category 1
E06000024,2,-1.28421749671,-2.66190035878,-49.812086428,cat 4,category 28
S12000017,2,-0.518702571742,8.65747984954,-159.331435798,cat 1,category 9
S12000020,2,0.121780471407,-10.1180517857,-164.398790453,cat 4,category 8
S12000023,2,-0.163500450294,2.98569745696,-63.644476126,cat 4,category 15
S12000013,2,0.597360732651,-15.6725460473,-98.9264000663,cat 1,category 0
S12000035,2,0.457323451828,7.20596854342,150.529695893,cat 3,category 23
S12000034,2,1.72854752789,-12.377353319,215.29005052,cat 3,category 13
S12000015,2,-0.194714778347,-1.69263102467,-190.431623561,cat 3,category 18
S12000033,2,0.810623274266,-5.85282491344,94.6634063463,cat 2,category 8
S12000036,2,-0.0865408603551,-6.3847196985,-184.325560429,cat 4,category 26
S12000010,2,-2.25646265312,4.35181809217,-26.9224839771,cat 4,category 3
S12000027,2,0.0920243026184,-0.953096574429,31.0962701678,cat 1,category 14
S12000021,2,0.381113908846,7.73433751745,-16.6647662371,cat 4,category 15
S12000006,2,-1.45532165845,-17.0752038535,-12.6513815064,cat 2,category 13
E06000044,2,-0.141889332881,11.0547341804,-134.214970233,cat 1,category 17
E06000026,2,1.01517319199,2.01576937422,-131.37484313,cat 2,category 15
S12000028,2,1.36129484278,11.6314026369,119.396117236,cat 4,category 23
E06000057,2,-0.719749706586,-6.19660014604,22.3126402653,cat 3,category 18
E06000052,2,-0.163428312638,10.5409344796,53.53721239,cat 2,category 2
E06000053,2,0.661220526895,-7.74508263942,-13.6493630729,cat 2,category 12
